<keymap version="1" name="Sublime Text 副本" parent="Sublime Text">
  <action id="Back">
    <keyboard-shortcut first-keystroke="alt subtract" />
    <keyboard-shortcut first-keystroke="alt minus" />
    <mouse-shortcut keystroke="button4" />
    <keyboard-shortcut first-keystroke="alt s" />
  </action>
  <action id="CompileDirty">
    <keyboard-shortcut first-keystroke="alt b" />
  </action>
  <action id="EditorDown">
    <keyboard-shortcut first-keystroke="down" />
    <keyboard-shortcut first-keystroke="alt j" />
  </action>
  <action id="EditorLeft">
    <keyboard-shortcut first-keystroke="left" />
    <keyboard-shortcut first-keystroke="alt h" />
  </action>
  <action id="EditorRight">
    <keyboard-shortcut first-keystroke="right" />
    <keyboard-shortcut first-keystroke="alt l" />
  </action>
  <action id="EditorUp">
    <keyboard-shortcut first-keystroke="up" />
    <keyboard-shortcut first-keystroke="alt k" />
  </action>
  <action id="FileStructurePopup">
    <keyboard-shortcut first-keystroke="ctrl r" />
    <keyboard-shortcut first-keystroke="ctrl quote" />
  </action>
  <action id="Forward">
    <keyboard-shortcut first-keystroke="shift alt subtract" />
    <keyboard-shortcut first-keystroke="shift alt minus" />
    <mouse-shortcut keystroke="button5" />
    <keyboard-shortcut first-keystroke="alt d" />
  </action>
  <action id="Images.Editor.ToggleGrid" />
  <action id="VimPluginToggle">
    <keyboard-shortcut first-keystroke="ctrl alt 9" />
  </action>
</keymap>